[
  {
    "id": 1,
    "filename": "factura_001.pdf",
    "titular": "Miguel Fern\u00e1ndez D\u00edaz",
    "dni_cif": "99887766B",
    "direccion_suministro": "Av. de Galicia 45, 15004 A Coru\u00f1a",
    "direccion_postal": "Av. de Galicia 45, 15004 A Coru\u00f1a",
    "telefono": "685953679",
    "email": "miguel.fernandez@email.com",
    "cups": "ES003140168366242AB",
    "num_contrato": "C-179946",
    "comercializadora": "EnergiaNova Comercializadora SL",
    "distribuidora": "Distribuci\u00f3n Noroeste SA",
    "periodo_inicio": "2025-10-02",
    "periodo_fin": "2025-10-31",
    "potencia_kw": 4.16,
    "consumo_kwh": 403,
    "termino_consumo": 92.69,
    "termino_potencia": 31.47,
    "impuesto_electrico": 6.35,
    "alquiler_contador": 0.81,
    "iva": 27.58,
    "importe": 158.9,
    "tarifa": "2.0TD",
    "tipo_contador": "Digital telegestionado",
    "fecha_vencimiento": "2025-11-10",
    "localizador_pago": "L791704280",
    "raw_data": "Factura electricidad 2025-10-02 - 2025-10-31 Total 158.9\u20ac"
  },
  {
    "id": 2,
    "filename": "factura_002.pdf",
    "titular": "Laura G\u00f3mez P\u00e9rez",
    "dni_cif": "87654321X",
    "direccion_suministro": "C/ Alcal\u00e1 210, 28028 Madrid",
    "direccion_postal": "C/ Alcal\u00e1 210, 28028 Madrid",
    "telefono": "623311532",
    "email": "laura.gomez@email.com",
    "cups": "ES003140569436671AB",
    "num_contrato": "C-562559",
    "comercializadora": "EnergiaNova Comercializadora SL",
    "distribuidora": "Distribuci\u00f3n Noroeste SA",
    "periodo_inicio": "2025-10-03",
    "periodo_fin": "2025-11-01",
    "potencia_kw": 5.02,
    "consumo_kwh": 182,
    "termino_consumo": 41.86,
    "termino_potencia": 19.0,
    "impuesto_electrico": 3.11,
    "alquiler_contador": 0.81,
    "iva": 13.6,
    "importe": 78.38,
    "tarifa": "2.0TD",
    "tipo_contador": "Digital telegestionado",
    "fecha_vencimiento": "2025-11-11",
    "localizador_pago": "L500019792",
    "raw_data": "Factura electricidad 2025-10-03 - 2025-11-01 Total 78.38\u20ac"
  },
  {
    "id": 3,
    "filename": "factura_003.pdf",
    "titular": "Ana Rodr\u00edguez Soto",
    "dni_cif": "11223344A",
    "direccion_suministro": "Av. de Galicia 45, 15004 A Coru\u00f1a",
    "direccion_postal": "Av. de Galicia 45, 15004 A Coru\u00f1a",
    "telefono": "654704170",
    "email": "ana.rodriguez@email.com",
    "cups": "ES003140265968685AB",
    "num_contrato": "C-682693",
    "comercializadora": "EnergiaNova Comercializadora SL",
    "distribuidora": "Distribuci\u00f3n Noroeste SA",
    "periodo_inicio": "2025-10-04",
    "periodo_fin": "2025-11-02",
    "potencia_kw": 4.65,
    "consumo_kwh": 463,
    "termino_consumo": 106.49,
    "termino_potencia": 28.43,
    "impuesto_electrico": 6.9,
    "alquiler_contador": 0.81,
    "iva": 29.95,
    "importe": 172.58,
    "tarifa": "2.0TD",
    "tipo_contador": "Digital telegestionado",
    "fecha_vencimiento": "2025-11-12",
    "localizador_pago": "L928865297",
    "raw_data": "Factura electricidad 2025-10-04 - 2025-11-02 Total 172.58\u20ac"
  },
  {
    "id": 4,
    "filename": "factura_004.pdf",
    "titular": "Ana Rodr\u00edguez Soto",
    "dni_cif": "11223344A",
    "direccion_suministro": "Calle Mayor 12, 3\u00baB, 28013 Madrid",
    "direccion_postal": "Calle Mayor 12, 3\u00baB, 28013 Madrid",
    "telefono": "695242874",
    "email": "ana.rodriguez@email.com",
    "cups": "ES003140824541804AB",
    "num_contrato": "C-945845",
    "comercializadora": "EnergiaNova Comercializadora SL",
    "distribuidora": "Distribuci\u00f3n Noroeste SA",
    "periodo_inicio": "2025-10-05",
    "periodo_fin": "2025-11-03",
    "potencia_kw": 3.95,
    "consumo_kwh": 168,
    "termino_consumo": 38.64,
    "termino_potencia": 29.85,
    "impuesto_electrico": 3.5,
    "alquiler_contador": 0.81,
    "iva": 15.29,
    "importe": 88.09,
    "tarifa": "2.0TD",
    "tipo_contador": "Digital telegestionado",
    "fecha_vencimiento": "2025-11-13",
    "localizador_pago": "L162312463",
    "raw_data": "Factura electricidad 2025-10-05 - 2025-11-03 Total 88.09\u20ac"
  },
  {
    "id": 5,
    "filename": "factura_005.pdf",
    "titular": "Miguel Fern\u00e1ndez D\u00edaz",
    "dni_cif": "99887766B",
    "direccion_suministro": "Av. de Galicia 45, 15004 A Coru\u00f1a",
    "direccion_postal": "Av. de Galicia 45, 15004 A Coru\u00f1a",
    "telefono": "616018649",
    "email": "miguel.fernandez@email.com",
    "cups": "ES003140912472183AB",
    "num_contrato": "C-258685",
    "comercializadora": "EnergiaNova Comercializadora SL",
    "distribuidora": "Distribuci\u00f3n Noroeste SA",
    "periodo_inicio": "2025-10-06",
    "periodo_fin": "2025-11-04",
    "potencia_kw": 5.25,
    "consumo_kwh": 462,
    "termino_consumo": 106.26,
    "termino_potencia": 23.85,
    "impuesto_electrico": 6.65,
    "alquiler_contador": 0.81,
    "iva": 28.89,
    "importe": 166.46,
    "tarifa": "2.0TD",
    "tipo_contador": "Digital telegestionado",
    "fecha_vencimiento": "2025-11-14",
    "localizador_pago": "L918537716",
    "raw_data": "Factura electricidad 2025-10-06 - 2025-11-04 Total 166.46\u20ac"
  },
  {
    "id": 6,
    "filename": "factura_006.pdf",
    "titular": "Laura G\u00f3mez P\u00e9rez",
    "dni_cif": "87654321X",
    "direccion_suministro": "R\u00faa do Progreso 8, 36201 Vigo",
    "direccion_postal": "R\u00faa do Progreso 8, 36201 Vigo",
    "telefono": "676104218",
    "email": "laura.gomez@email.com",
    "cups": "ES003140994613243AB",
    "num_contrato": "C-727119",
    "comercializadora": "EnergiaNova Comercializadora SL",
    "distribuidora": "Distribuci\u00f3n Noroeste SA",
    "periodo_inicio": "2025-10-07",
    "periodo_fin": "2025-11-05",
    "potencia_kw": 3.61,
    "consumo_kwh": 179,
    "termino_consumo": 41.17,
    "termino_potencia": 34.42,
    "impuesto_electrico": 3.86,
    "alquiler_contador": 0.81,
    "iva": 16.85,
    "importe": 97.11,
    "tarifa": "2.0TD",
    "tipo_contador": "Digital telegestionado",
    "fecha_vencimiento": "2025-11-15",
    "localizador_pago": "L385363501",
    "raw_data": "Factura electricidad 2025-10-07 - 2025-11-05 Total 97.11\u20ac"
  },
  {
    "id": 7,
    "filename": "factura_007.pdf",
    "titular": "Miguel Fern\u00e1ndez D\u00edaz",
    "dni_cif": "99887766B",
    "direccion_suministro": "C/ Alcal\u00e1 210, 28028 Madrid",
    "direccion_postal": "C/ Alcal\u00e1 210, 28028 Madrid",
    "telefono": "631781291",
    "email": "miguel.fernandez@email.com",
    "cups": "ES003140752792068AB",
    "num_contrato": "C-460750",
    "comercializadora": "EnergiaNova Comercializadora SL",
    "distribuidora": "Distribuci\u00f3n Noroeste SA",
    "periodo_inicio": "2025-10-08",
    "periodo_fin": "2025-11-06",
    "potencia_kw": 4.94,
    "consumo_kwh": 355,
    "termino_consumo": 81.65,
    "termino_potencia": 18.05,
    "impuesto_electrico": 5.1,
    "alquiler_contador": 0.81,
    "iva": 22.18,
    "importe": 127.79,
    "tarifa": "2.0TD",
    "tipo_contador": "Digital telegestionado",
    "fecha_vencimiento": "2025-11-16",
    "localizador_pago": "L492648215",
    "raw_data": "Factura electricidad 2025-10-08 - 2025-11-06 Total 127.79\u20ac"
  },
  {
    "id": 8,
    "filename": "factura_008.pdf",
    "titular": "Miguel Fern\u00e1ndez D\u00edaz",
    "dni_cif": "99887766B",
    "direccion_suministro": "Calle Mayor 12, 3\u00baB, 28013 Madrid",
    "direccion_postal": "Calle Mayor 12, 3\u00baB, 28013 Madrid",
    "telefono": "617204996",
    "email": "miguel.fernandez@email.com",
    "cups": "ES003140317318203AB",
    "num_contrato": "C-956403",
    "comercializadora": "EnergiaNova Comercializadora SL",
    "distribuidora": "Distribuci\u00f3n Noroeste SA",
    "periodo_inicio": "2025-10-09",
    "periodo_fin": "2025-11-07",
    "potencia_kw": 4.56,
    "consumo_kwh": 220,
    "termino_consumo": 50.6,
    "termino_potencia": 23.62,
    "impuesto_electrico": 3.79,
    "alquiler_contador": 0.81,
    "iva": 16.55,
    "importe": 95.37,
    "tarifa": "2.0TD",
    "tipo_contador": "Digital telegestionado",
    "fecha_vencimiento": "2025-11-17",
    "localizador_pago": "L840082786",
    "raw_data": "Factura electricidad 2025-10-09 - 2025-11-07 Total 95.37\u20ac"
  },
  {
    "id": 9,
    "filename": "factura_009.pdf",
    "titular": "Ana Rodr\u00edguez Soto",
    "dni_cif": "11223344A",
    "direccion_suministro": "Calle Mayor 12, 3\u00baB, 28013 Madrid",
    "direccion_postal": "Calle Mayor 12, 3\u00baB, 28013 Madrid",
    "telefono": "630685864",
    "email": "ana.rodriguez@email.com",
    "cups": "ES003140624052951AB",
    "num_contrato": "C-439621",
    "comercializadora": "EnergiaNova Comercializadora SL",
    "distribuidora": "Distribuci\u00f3n Noroeste SA",
    "periodo_inicio": "2025-10-10",
    "periodo_fin": "2025-11-08",
    "potencia_kw": 5.52,
    "consumo_kwh": 312,
    "termino_consumo": 71.76,
    "termino_potencia": 23.93,
    "impuesto_electrico": 4.89,
    "alquiler_contador": 0.81,
    "iva": 21.29,
    "importe": 122.68,
    "tarifa": "2.0TD",
    "tipo_contador": "Digital telegestionado",
    "fecha_vencimiento": "2025-11-18",
    "localizador_pago": "L292778729",
    "raw_data": "Factura electricidad 2025-10-10 - 2025-11-08 Total 122.68\u20ac"
  },
  {
    "id": 10,
    "filename": "factura_010.pdf",
    "titular": "Carlos M\u00e9ndez Ruiz",
    "dni_cif": "12345678Z",
    "direccion_suministro": "C/ Alcal\u00e1 210, 28028 Madrid",
    "direccion_postal": "C/ Alcal\u00e1 210, 28028 Madrid",
    "telefono": "640111914",
    "email": "carlos.mendez@email.com",
    "cups": "ES003140362698942AB",
    "num_contrato": "C-271171",
    "comercializadora": "EnergiaNova Comercializadora SL",
    "distribuidora": "Distribuci\u00f3n Noroeste SA",
    "periodo_inicio": "2025-10-11",
    "periodo_fin": "2025-11-09",
    "potencia_kw": 5.07,
    "consumo_kwh": 407,
    "termino_consumo": 93.61,
    "termino_potencia": 29.7,
    "impuesto_electrico": 6.3,
    "alquiler_contador": 0.81,
    "iva": 27.39,
    "importe": 157.81,
    "tarifa": "2.0TD",
    "tipo_contador": "Digital telegestionado",
    "fecha_vencimiento": "2025-11-19",
    "localizador_pago": "L524562131",
    "raw_data": "Factura electricidad 2025-10-11 - 2025-11-09 Total 157.81\u20ac"
  },
  {
    "id": 11,
    "filename": "factura_011.pdf",
    "titular": "Carlos M\u00e9ndez Ruiz",
    "dni_cif": "12345678Z",
    "direccion_suministro": "Av. de Galicia 45, 15004 A Coru\u00f1a",
    "direccion_postal": "Av. de Galicia 45, 15004 A Coru\u00f1a",
    "telefono": "655664336",
    "email": "carlos.mendez@email.com",
    "cups": "ES003140622218102AB",
    "num_contrato": "C-114677",
    "comercializadora": "EnergiaNova Comercializadora SL",
    "distribuidora": "Distribuci\u00f3n Noroeste SA",
    "periodo_inicio": "2025-10-12",
    "periodo_fin": "2025-11-10",
    "potencia_kw": 5.67,
    "consumo_kwh": 372,
    "termino_consumo": 85.56,
    "termino_potencia": 21.55,
    "impuesto_electrico": 5.48,
    "alquiler_contador": 0.81,
    "iva": 23.81,
    "importe": 137.21,
    "tarifa": "2.0TD",
    "tipo_contador": "Digital telegestionado",
    "fecha_vencimiento": "2025-11-20",
    "localizador_pago": "L391780998",
    "raw_data": "Factura electricidad 2025-10-12 - 2025-11-10 Total 137.21\u20ac"
  },
  {
    "id": 12,
    "filename": "factura_012.pdf",
    "titular": "Laura G\u00f3mez P\u00e9rez",
    "dni_cif": "87654321X",
    "direccion_suministro": "Av. de Galicia 45, 15004 A Coru\u00f1a",
    "direccion_postal": "Av. de Galicia 45, 15004 A Coru\u00f1a",
    "telefono": "640499125",
    "email": "laura.gomez@email.com",
    "cups": "ES003140835972539AB",
    "num_contrato": "C-440528",
    "comercializadora": "EnergiaNova Comercializadora SL",
    "distribuidora": "Distribuci\u00f3n Noroeste SA",
    "periodo_inicio": "2025-10-13",
    "periodo_fin": "2025-11-11",
    "potencia_kw": 4.3,
    "consumo_kwh": 213,
    "termino_consumo": 48.99,
    "termino_potencia": 21.13,
    "impuesto_electrico": 3.59,
    "alquiler_contador": 0.81,
    "iva": 15.65,
    "importe": 90.17,
    "tarifa": "2.0TD",
    "tipo_contador": "Digital telegestionado",
    "fecha_vencimiento": "2025-11-21",
    "localizador_pago": "L499065901",
    "raw_data": "Factura electricidad 2025-10-13 - 2025-11-11 Total 90.17\u20ac"
  },
  {
    "id": 13,
    "filename": "factura_013.pdf",
    "titular": "Ana Rodr\u00edguez Soto",
    "dni_cif": "11223344A",
    "direccion_suministro": "Av. de Galicia 45, 15004 A Coru\u00f1a",
    "direccion_postal": "Av. de Galicia 45, 15004 A Coru\u00f1a",
    "telefono": "696988533",
    "email": "ana.rodriguez@email.com",
    "cups": "ES003140808408821AB",
    "num_contrato": "C-503870",
    "comercializadora": "EnergiaNova Comercializadora SL",
    "distribuidora": "Distribuci\u00f3n Noroeste SA",
    "periodo_inicio": "2025-10-14",
    "periodo_fin": "2025-11-12",
    "potencia_kw": 5.29,
    "consumo_kwh": 413,
    "termino_consumo": 94.99,
    "termino_potencia": 29.72,
    "impuesto_electrico": 6.38,
    "alquiler_contador": 0.81,
    "iva": 27.7,
    "importe": 159.6,
    "tarifa": "2.0TD",
    "tipo_contador": "Digital telegestionado",
    "fecha_vencimiento": "2025-11-22",
    "localizador_pago": "L657860726",
    "raw_data": "Factura electricidad 2025-10-14 - 2025-11-12 Total 159.6\u20ac"
  },
  {
    "id": 14,
    "filename": "factura_014.pdf",
    "titular": "Miguel Fern\u00e1ndez D\u00edaz",
    "dni_cif": "99887766B",
    "direccion_suministro": "R\u00faa do Progreso 8, 36201 Vigo",
    "direccion_postal": "R\u00faa do Progreso 8, 36201 Vigo",
    "telefono": "684226073",
    "email": "miguel.fernandez@email.com",
    "cups": "ES003140499991458AB",
    "num_contrato": "C-806697",
    "comercializadora": "EnergiaNova Comercializadora SL",
    "distribuidora": "Distribuci\u00f3n Noroeste SA",
    "periodo_inicio": "2025-10-15",
    "periodo_fin": "2025-11-13",
    "potencia_kw": 4.44,
    "consumo_kwh": 316,
    "termino_consumo": 72.68,
    "termino_potencia": 30.95,
    "impuesto_electrico": 5.3,
    "alquiler_contador": 0.81,
    "iva": 23.05,
    "importe": 132.79,
    "tarifa": "2.0TD",
    "tipo_contador": "Digital telegestionado",
    "fecha_vencimiento": "2025-11-23",
    "localizador_pago": "L120953889",
    "raw_data": "Factura electricidad 2025-10-15 - 2025-11-13 Total 132.79\u20ac"
  },
  {
    "id": 15,
    "filename": "factura_015.pdf",
    "titular": "Ana Rodr\u00edguez Soto",
    "dni_cif": "11223344A",
    "direccion_suministro": "R\u00faa do Progreso 8, 36201 Vigo",
    "direccion_postal": "R\u00faa do Progreso 8, 36201 Vigo",
    "telefono": "639857043",
    "email": "ana.rodriguez@email.com",
    "cups": "ES003140834801276AB",
    "num_contrato": "C-259755",
    "comercializadora": "EnergiaNova Comercializadora SL",
    "distribuidora": "Distribuci\u00f3n Noroeste SA",
    "periodo_inicio": "2025-10-16",
    "periodo_fin": "2025-11-14",
    "potencia_kw": 5.0,
    "consumo_kwh": 405,
    "termino_consumo": 93.15,
    "termino_potencia": 34.4,
    "impuesto_electrico": 6.52,
    "alquiler_contador": 0.81,
    "iva": 28.32,
    "importe": 163.2,
    "tarifa": "2.0TD",
    "tipo_contador": "Digital telegestionado",
    "fecha_vencimiento": "2025-11-24",
    "localizador_pago": "L237169926",
    "raw_data": "Factura electricidad 2025-10-16 - 2025-11-14 Total 163.2\u20ac"
  },
  {
    "id": 16,
    "filename": "factura_016.pdf",
    "titular": "Miguel Fern\u00e1ndez D\u00edaz",
    "dni_cif": "99887766B",
    "direccion_suministro": "Calle Mayor 12, 3\u00baB, 28013 Madrid",
    "direccion_postal": "Calle Mayor 12, 3\u00baB, 28013 Madrid",
    "telefono": "657742935",
    "email": "miguel.fernandez@email.com",
    "cups": "ES003140146692426AB",
    "num_contrato": "C-535710",
    "comercializadora": "EnergiaNova Comercializadora SL",
    "distribuidora": "Distribuci\u00f3n Noroeste SA",
    "periodo_inicio": "2025-10-17",
    "periodo_fin": "2025-11-15",
    "potencia_kw": 4.83,
    "consumo_kwh": 357,
    "termino_consumo": 82.11,
    "termino_potencia": 23.24,
    "impuesto_electrico": 5.39,
    "alquiler_contador": 0.81,
    "iva": 23.43,
    "importe": 134.98,
    "tarifa": "2.0TD",
    "tipo_contador": "Digital telegestionado",
    "fecha_vencimiento": "2025-11-25",
    "localizador_pago": "L554493990",
    "raw_data": "Factura electricidad 2025-10-17 - 2025-11-15 Total 134.98\u20ac"
  },
  {
    "id": 17,
    "filename": "factura_017.pdf",
    "titular": "Laura G\u00f3mez P\u00e9rez",
    "dni_cif": "87654321X",
    "direccion_suministro": "Av. de Galicia 45, 15004 A Coru\u00f1a",
    "direccion_postal": "Av. de Galicia 45, 15004 A Coru\u00f1a",
    "telefono": "650593708",
    "email": "laura.gomez@email.com",
    "cups": "ES003140743636837AB",
    "num_contrato": "C-250392",
    "comercializadora": "EnergiaNova Comercializadora SL",
    "distribuidora": "Distribuci\u00f3n Noroeste SA",
    "periodo_inicio": "2025-10-18",
    "periodo_fin": "2025-11-16",
    "potencia_kw": 5.52,
    "consumo_kwh": 353,
    "termino_consumo": 81.19,
    "termino_potencia": 29.89,
    "impuesto_electrico": 5.68,
    "alquiler_contador": 0.81,
    "iva": 24.69,
    "importe": 142.26,
    "tarifa": "2.0TD",
    "tipo_contador": "Digital telegestionado",
    "fecha_vencimiento": "2025-11-26",
    "localizador_pago": "L385639073",
    "raw_data": "Factura electricidad 2025-10-18 - 2025-11-16 Total 142.26\u20ac"
  },
  {
    "id": 18,
    "filename": "factura_018.pdf",
    "titular": "Carlos M\u00e9ndez Ruiz",
    "dni_cif": "12345678Z",
    "direccion_suministro": "Calle Mayor 12, 3\u00baB, 28013 Madrid",
    "direccion_postal": "Calle Mayor 12, 3\u00baB, 28013 Madrid",
    "telefono": "633776366",
    "email": "carlos.mendez@email.com",
    "cups": "ES003140859085526AB",
    "num_contrato": "C-677734",
    "comercializadora": "EnergiaNova Comercializadora SL",
    "distribuidora": "Distribuci\u00f3n Noroeste SA",
    "periodo_inicio": "2025-10-19",
    "periodo_fin": "2025-11-17",
    "potencia_kw": 3.6,
    "consumo_kwh": 216,
    "termino_consumo": 49.68,
    "termino_potencia": 22.75,
    "impuesto_electrico": 3.7,
    "alquiler_contador": 0.81,
    "iva": 16.16,
    "importe": 93.1,
    "tarifa": "2.0TD",
    "tipo_contador": "Digital telegestionado",
    "fecha_vencimiento": "2025-11-27",
    "localizador_pago": "L872964938",
    "raw_data": "Factura electricidad 2025-10-19 - 2025-11-17 Total 93.1\u20ac"
  },
  {
    "id": 19,
    "filename": "factura_019.pdf",
    "titular": "Ana Rodr\u00edguez Soto",
    "dni_cif": "11223344A",
    "direccion_suministro": "C/ Alcal\u00e1 210, 28028 Madrid",
    "direccion_postal": "C/ Alcal\u00e1 210, 28028 Madrid",
    "telefono": "699586389",
    "email": "ana.rodriguez@email.com",
    "cups": "ES003140291049708AB",
    "num_contrato": "C-814543",
    "comercializadora": "EnergiaNova Comercializadora SL",
    "distribuidora": "Distribuci\u00f3n Noroeste SA",
    "periodo_inicio": "2025-10-20",
    "periodo_fin": "2025-11-18",
    "potencia_kw": 5.26,
    "consumo_kwh": 222,
    "termino_consumo": 51.06,
    "termino_potencia": 24.9,
    "impuesto_electrico": 3.88,
    "alquiler_contador": 0.81,
    "iva": 16.94,
    "importe": 97.59,
    "tarifa": "2.0TD",
    "tipo_contador": "Digital telegestionado",
    "fecha_vencimiento": "2025-11-28",
    "localizador_pago": "L430065956",
    "raw_data": "Factura electricidad 2025-10-20 - 2025-11-18 Total 97.59\u20ac"
  },
  {
    "id": 20,
    "filename": "factura_020.pdf",
    "titular": "Carlos M\u00e9ndez Ruiz",
    "dni_cif": "12345678Z",
    "direccion_suministro": "Calle Mayor 12, 3\u00baB, 28013 Madrid",
    "direccion_postal": "Calle Mayor 12, 3\u00baB, 28013 Madrid",
    "telefono": "662228839",
    "email": "carlos.mendez@email.com",
    "cups": "ES003140750788191AB",
    "num_contrato": "C-698059",
    "comercializadora": "EnergiaNova Comercializadora SL",
    "distribuidora": "Distribuci\u00f3n Noroeste SA",
    "periodo_inicio": "2025-10-21",
    "periodo_fin": "2025-11-19",
    "potencia_kw": 3.98,
    "consumo_kwh": 313,
    "termino_consumo": 71.99,
    "termino_potencia": 25.02,
    "impuesto_electrico": 4.96,
    "alquiler_contador": 0.81,
    "iva": 21.58,
    "importe": 124.36,
    "tarifa": "2.0TD",
    "tipo_contador": "Digital telegestionado",
    "fecha_vencimiento": "2025-11-29",
    "localizador_pago": "L125240362",
    "raw_data": "Factura electricidad 2025-10-21 - 2025-11-19 Total 124.36\u20ac"
  },
  {
    "id": 21,
    "filename": "factura_021.pdf",
    "titular": "Miguel Fern\u00e1ndez D\u00edaz",
    "dni_cif": "99887766B",
    "direccion_suministro": "Av. de Galicia 45, 15004 A Coru\u00f1a",
    "direccion_postal": "Av. de Galicia 45, 15004 A Coru\u00f1a",
    "telefono": "645615068",
    "email": "miguel.fernandez@email.com",
    "cups": "ES003140583837581AB",
    "num_contrato": "C-884670",
    "comercializadora": "EnergiaNova Comercializadora SL",
    "distribuidora": "Distribuci\u00f3n Noroeste SA",
    "periodo_inicio": "2025-10-22",
    "periodo_fin": "2025-11-20",
    "potencia_kw": 4.48,
    "consumo_kwh": 431,
    "termino_consumo": 99.13,
    "termino_potencia": 30.51,
    "impuesto_electrico": 6.63,
    "alquiler_contador": 0.81,
    "iva": 28.79,
    "importe": 165.87,
    "tarifa": "2.0TD",
    "tipo_contador": "Digital telegestionado",
    "fecha_vencimiento": "2025-11-30",
    "localizador_pago": "L831445023",
    "raw_data": "Factura electricidad 2025-10-22 - 2025-11-20 Total 165.87\u20ac"
  },
  {
    "id": 22,
    "filename": "factura_022.pdf",
    "titular": "Laura G\u00f3mez P\u00e9rez",
    "dni_cif": "87654321X",
    "direccion_suministro": "R\u00faa do Progreso 8, 36201 Vigo",
    "direccion_postal": "R\u00faa do Progreso 8, 36201 Vigo",
    "telefono": "617366462",
    "email": "laura.gomez@email.com",
    "cups": "ES003140216678011AB",
    "num_contrato": "C-812320",
    "comercializadora": "EnergiaNova Comercializadora SL",
    "distribuidora": "Distribuci\u00f3n Noroeste SA",
    "periodo_inicio": "2025-10-23",
    "periodo_fin": "2025-11-21",
    "potencia_kw": 5.22,
    "consumo_kwh": 299,
    "termino_consumo": 68.77,
    "termino_potencia": 25.81,
    "impuesto_electrico": 4.84,
    "alquiler_contador": 0.81,
    "iva": 21.05,
    "importe": 121.28,
    "tarifa": "2.0TD",
    "tipo_contador": "Digital telegestionado",
    "fecha_vencimiento": "2025-12-01",
    "localizador_pago": "L763420823",
    "raw_data": "Factura electricidad 2025-10-23 - 2025-11-21 Total 121.28\u20ac"
  },
  {
    "id": 23,
    "filename": "factura_023.pdf",
    "titular": "Ana Rodr\u00edguez Soto",
    "dni_cif": "11223344A",
    "direccion_suministro": "C/ Alcal\u00e1 210, 28028 Madrid",
    "direccion_postal": "C/ Alcal\u00e1 210, 28028 Madrid",
    "telefono": "639091235",
    "email": "ana.rodriguez@email.com",
    "cups": "ES003140136682685AB",
    "num_contrato": "C-875911",
    "comercializadora": "EnergiaNova Comercializadora SL",
    "distribuidora": "Distribuci\u00f3n Noroeste SA",
    "periodo_inicio": "2025-10-24",
    "periodo_fin": "2025-11-22",
    "potencia_kw": 3.77,
    "consumo_kwh": 416,
    "termino_consumo": 95.68,
    "termino_potencia": 27.76,
    "impuesto_electrico": 6.31,
    "alquiler_contador": 0.81,
    "iva": 27.42,
    "importe": 157.98,
    "tarifa": "2.0TD",
    "tipo_contador": "Digital telegestionado",
    "fecha_vencimiento": "2025-12-02",
    "localizador_pago": "L385832924",
    "raw_data": "Factura electricidad 2025-10-24 - 2025-11-22 Total 157.98\u20ac"
  },
  {
    "id": 24,
    "filename": "factura_024.pdf",
    "titular": "Laura G\u00f3mez P\u00e9rez",
    "dni_cif": "87654321X",
    "direccion_suministro": "Calle Mayor 12, 3\u00baB, 28013 Madrid",
    "direccion_postal": "Calle Mayor 12, 3\u00baB, 28013 Madrid",
    "telefono": "684565514",
    "email": "laura.gomez@email.com",
    "cups": "ES003140296070542AB",
    "num_contrato": "C-420937",
    "comercializadora": "EnergiaNova Comercializadora SL",
    "distribuidora": "Distribuci\u00f3n Noroeste SA",
    "periodo_inicio": "2025-10-25",
    "periodo_fin": "2025-11-23",
    "potencia_kw": 4.73,
    "consumo_kwh": 178,
    "termino_consumo": 40.94,
    "termino_potencia": 31.46,
    "impuesto_electrico": 3.7,
    "alquiler_contador": 0.81,
    "iva": 16.15,
    "importe": 93.06,
    "tarifa": "2.0TD",
    "tipo_contador": "Digital telegestionado",
    "fecha_vencimiento": "2025-12-03",
    "localizador_pago": "L338908528",
    "raw_data": "Factura electricidad 2025-10-25 - 2025-11-23 Total 93.06\u20ac"
  },
  {
    "id": 25,
    "filename": "factura_025.pdf",
    "titular": "Laura G\u00f3mez P\u00e9rez",
    "dni_cif": "87654321X",
    "direccion_suministro": "C/ Alcal\u00e1 210, 28028 Madrid",
    "direccion_postal": "C/ Alcal\u00e1 210, 28028 Madrid",
    "telefono": "611268864",
    "email": "laura.gomez@email.com",
    "cups": "ES003140600629928AB",
    "num_contrato": "C-283102",
    "comercializadora": "EnergiaNova Comercializadora SL",
    "distribuidora": "Distribuci\u00f3n Noroeste SA",
    "periodo_inicio": "2025-10-26",
    "periodo_fin": "2025-11-24",
    "potencia_kw": 3.89,
    "consumo_kwh": 281,
    "termino_consumo": 64.63,
    "termino_potencia": 26.87,
    "impuesto_electrico": 4.68,
    "alquiler_contador": 0.81,
    "iva": 20.37,
    "importe": 117.36,
    "tarifa": "2.0TD",
    "tipo_contador": "Digital telegestionado",
    "fecha_vencimiento": "2025-12-04",
    "localizador_pago": "L785691181",
    "raw_data": "Factura electricidad 2025-10-26 - 2025-11-24 Total 117.36\u20ac"
  },
  {
    "id": 26,
    "filename": "factura_026.pdf",
    "titular": "Ana Rodr\u00edguez Soto",
    "dni_cif": "11223344A",
    "direccion_suministro": "R\u00faa do Progreso 8, 36201 Vigo",
    "direccion_postal": "R\u00faa do Progreso 8, 36201 Vigo",
    "telefono": "613720721",
    "email": "ana.rodriguez@email.com",
    "cups": "ES003140655619865AB",
    "num_contrato": "C-168496",
    "comercializadora": "EnergiaNova Comercializadora SL",
    "distribuidora": "Distribuci\u00f3n Noroeste SA",
    "periodo_inicio": "2025-10-27",
    "periodo_fin": "2025-11-25",
    "potencia_kw": 5.63,
    "consumo_kwh": 165,
    "termino_consumo": 37.95,
    "termino_potencia": 24.49,
    "impuesto_electrico": 3.19,
    "alquiler_contador": 0.81,
    "iva": 13.95,
    "importe": 80.39,
    "tarifa": "2.0TD",
    "tipo_contador": "Digital telegestionado",
    "fecha_vencimiento": "2025-12-05",
    "localizador_pago": "L221185117",
    "raw_data": "Factura electricidad 2025-10-27 - 2025-11-25 Total 80.39\u20ac"
  },
  {
    "id": 27,
    "filename": "factura_027.pdf",
    "titular": "Laura G\u00f3mez P\u00e9rez",
    "dni_cif": "87654321X",
    "direccion_suministro": "Calle Mayor 12, 3\u00baB, 28013 Madrid",
    "direccion_postal": "Calle Mayor 12, 3\u00baB, 28013 Madrid",
    "telefono": "665480481",
    "email": "laura.gomez@email.com",
    "cups": "ES003140326951977AB",
    "num_contrato": "C-396947",
    "comercializadora": "EnergiaNova Comercializadora SL",
    "distribuidora": "Distribuci\u00f3n Noroeste SA",
    "periodo_inicio": "2025-10-28",
    "periodo_fin": "2025-11-26",
    "potencia_kw": 4.75,
    "consumo_kwh": 348,
    "termino_consumo": 80.04,
    "termino_potencia": 26.38,
    "impuesto_electrico": 5.44,
    "alquiler_contador": 0.81,
    "iva": 23.66,
    "importe": 136.33,
    "tarifa": "2.0TD",
    "tipo_contador": "Digital telegestionado",
    "fecha_vencimiento": "2025-12-06",
    "localizador_pago": "L325064597",
    "raw_data": "Factura electricidad 2025-10-28 - 2025-11-26 Total 136.33\u20ac"
  },
  {
    "id": 28,
    "filename": "factura_028.pdf",
    "titular": "Miguel Fern\u00e1ndez D\u00edaz",
    "dni_cif": "99887766B",
    "direccion_suministro": "Av. de Galicia 45, 15004 A Coru\u00f1a",
    "direccion_postal": "Av. de Galicia 45, 15004 A Coru\u00f1a",
    "telefono": "654127369",
    "email": "miguel.fernandez@email.com",
    "cups": "ES003140356005064AB",
    "num_contrato": "C-494189",
    "comercializadora": "EnergiaNova Comercializadora SL",
    "distribuidora": "Distribuci\u00f3n Noroeste SA",
    "periodo_inicio": "2025-10-29",
    "periodo_fin": "2025-11-27",
    "potencia_kw": 5.01,
    "consumo_kwh": 402,
    "termino_consumo": 92.46,
    "termino_potencia": 30.82,
    "impuesto_electrico": 6.3,
    "alquiler_contador": 0.81,
    "iva": 27.38,
    "importe": 157.77,
    "tarifa": "2.0TD",
    "tipo_contador": "Digital telegestionado",
    "fecha_vencimiento": "2025-12-07",
    "localizador_pago": "L599863155",
    "raw_data": "Factura electricidad 2025-10-29 - 2025-11-27 Total 157.77\u20ac"
  },
  {
    "id": 29,
    "filename": "factura_029.pdf",
    "titular": "Carlos M\u00e9ndez Ruiz",
    "dni_cif": "12345678Z",
    "direccion_suministro": "R\u00faa do Progreso 8, 36201 Vigo",
    "direccion_postal": "R\u00faa do Progreso 8, 36201 Vigo",
    "telefono": "637598656",
    "email": "carlos.mendez@email.com",
    "cups": "ES003140231090808AB",
    "num_contrato": "C-908250",
    "comercializadora": "EnergiaNova Comercializadora SL",
    "distribuidora": "Distribuci\u00f3n Noroeste SA",
    "periodo_inicio": "2025-10-30",
    "periodo_fin": "2025-11-28",
    "potencia_kw": 4.99,
    "consumo_kwh": 379,
    "termino_consumo": 87.17,
    "termino_potencia": 33.48,
    "impuesto_electrico": 6.17,
    "alquiler_contador": 0.81,
    "iva": 26.8,
    "importe": 154.43,
    "tarifa": "2.0TD",
    "tipo_contador": "Digital telegestionado",
    "fecha_vencimiento": "2025-12-08",
    "localizador_pago": "L115455271",
    "raw_data": "Factura electricidad 2025-10-30 - 2025-11-28 Total 154.43\u20ac"
  },
  {
    "id": 30,
    "filename": "factura_030.pdf",
    "titular": "Carlos M\u00e9ndez Ruiz",
    "dni_cif": "12345678Z",
    "direccion_suministro": "C/ Alcal\u00e1 210, 28028 Madrid",
    "direccion_postal": "C/ Alcal\u00e1 210, 28028 Madrid",
    "telefono": "696048970",
    "email": "carlos.mendez@email.com",
    "cups": "ES003140360509998AB",
    "num_contrato": "C-512712",
    "comercializadora": "EnergiaNova Comercializadora SL",
    "distribuidora": "Distribuci\u00f3n Noroeste SA",
    "periodo_inicio": "2025-10-31",
    "periodo_fin": "2025-11-29",
    "potencia_kw": 4.54,
    "consumo_kwh": 395,
    "termino_consumo": 90.85,
    "termino_potencia": 24.35,
    "impuesto_electrico": 5.89,
    "alquiler_contador": 0.81,
    "iva": 25.6,
    "importe": 147.5,
    "tarifa": "2.0TD",
    "tipo_contador": "Digital telegestionado",
    "fecha_vencimiento": "2025-12-09",
    "localizador_pago": "L368119167",
    "raw_data": "Factura electricidad 2025-10-31 - 2025-11-29 Total 147.5\u20ac"
  }
]